<?xml version="1.0" encoding="utf-8" ?>
<dwsync>
<file name="glyphicons-halflings-regular.eot" server="C:/Users/wise_/Documents/Programming/Projects/LIVE-PROJECT-TECH-ACADEMY-WEBSITE/newWebsite/" local="130995212360000000" remote="130995212360000000" Dst="2" />
<file name="glyphicons-halflings-regular.woff2" server="C:/Users/wise_/Documents/Programming/Projects/LIVE-PROJECT-TECH-ACADEMY-WEBSITE/newWebsite/" local="130995212360000000" remote="130995212360000000" Dst="2" />
<file name="glyphicons-halflings-regular.woff" server="C:/Users/wise_/Documents/Programming/Projects/LIVE-PROJECT-TECH-ACADEMY-WEBSITE/newWebsite/" local="130995212360000000" remote="130995212360000000" Dst="2" />
<file name="glyphicons-halflings-regular.ttf" server="C:/Users/wise_/Documents/Programming/Projects/LIVE-PROJECT-TECH-ACADEMY-WEBSITE/newWebsite/" local="130995212360000000" remote="130995212360000000" Dst="2" />
<file name="glyphicons-halflings-regular.eot" server="C:/XAMPP" local="130995212360000000" remote="130995212360000000" Dst="2" />
<file name="glyphicons-halflings-regular.woff2" server="C:/XAMPP" local="130995212360000000" remote="130995212360000000" Dst="2" />
<file name="glyphicons-halflings-regular.woff" server="C:/XAMPP" local="130995212360000000" remote="130995212360000000" Dst="2" />
<file name="glyphicons-halflings-regular.ttf" server="C:/XAMPP" local="130995212360000000" remote="130995212360000000" Dst="2" />
<file name="glyphicons-halflings-regular.eot" server="C:/XAMPP/" local="130995212360000000" remote="130995212360000000" Dst="2" />
<file name="glyphicons-halflings-regular.woff2" server="C:/XAMPP/" local="130995212360000000" remote="130995212360000000" Dst="2" />
<file name="glyphicons-halflings-regular.woff" server="C:/XAMPP/" local="130995212360000000" remote="130995212360000000" Dst="2" />
<file name="glyphicons-halflings-regular.ttf" server="C:/XAMPP/" local="130995212360000000" remote="130995212360000000" Dst="2" />
</dwsync>