<?xml version="1.0" encoding="utf-8" ?>
<dwsync>
<file name="Testimonials 1.png" server="C:/Users/wise_/Documents/Programming/Projects/LIVE-PROJECT-TECH-ACADEMY-WEBSITE/newWebsite/" local="130995212380000000" remote="130995212380000000" Dst="2" />
<file name="Testimonials 2.png" server="C:/Users/wise_/Documents/Programming/Projects/LIVE-PROJECT-TECH-ACADEMY-WEBSITE/newWebsite/" local="130995212380000000" remote="130995212380000000" Dst="2" />
<file name="Testimonials 3.png" server="C:/Users/wise_/Documents/Programming/Projects/LIVE-PROJECT-TECH-ACADEMY-WEBSITE/newWebsite/" local="130995212380000000" remote="130995212380000000" Dst="2" />
<file name="Testimonials 4.png" server="C:/Users/wise_/Documents/Programming/Projects/LIVE-PROJECT-TECH-ACADEMY-WEBSITE/newWebsite/" local="130995212380000000" remote="130995212380000000" Dst="2" />
<file name="Testimonials 5.png" server="C:/Users/wise_/Documents/Programming/Projects/LIVE-PROJECT-TECH-ACADEMY-WEBSITE/newWebsite/" local="130995212380000000" remote="130995212380000000" Dst="2" />
<file name="Testimonials 6.png" server="C:/Users/wise_/Documents/Programming/Projects/LIVE-PROJECT-TECH-ACADEMY-WEBSITE/newWebsite/" local="130995212380000000" remote="130995212380000000" Dst="2" />
<file name="Testimonials 7.png" server="C:/Users/wise_/Documents/Programming/Projects/LIVE-PROJECT-TECH-ACADEMY-WEBSITE/newWebsite/" local="130995212380000000" remote="130995212380000000" Dst="2" />
<file name="Tech_Academy_Logo.png" server="C:/Users/wise_/Documents/Programming/Projects/LIVE-PROJECT-TECH-ACADEMY-WEBSITE/newWebsite/" local="130995212380000000" remote="130995212380000000" Dst="2" />
<file name="Homepage_Background_Picture_1.jpg" server="C:/Users/wise_/Documents/Programming/Projects/LIVE-PROJECT-TECH-ACADEMY-WEBSITE/newWebsite/" local="130995212360000000" remote="130995212360000000" Dst="2" />
<file name="Homepage_Background_Picture_2.jpg" server="C:/Users/wise_/Documents/Programming/Projects/LIVE-PROJECT-TECH-ACADEMY-WEBSITE/newWebsite/" local="130995212360000000" remote="130995212360000000" Dst="2" />
<file name="Homepage_Background_Picture_3.jpg" server="C:/Users/wise_/Documents/Programming/Projects/LIVE-PROJECT-TECH-ACADEMY-WEBSITE/newWebsite/" local="130995212360000000" remote="130995212360000000" Dst="2" />
<file name="Homepage_Background_Picture_4.jpg" server="C:/Users/wise_/Documents/Programming/Projects/LIVE-PROJECT-TECH-ACADEMY-WEBSITE/newWebsite/" local="130995212360000000" remote="130995212360000000" Dst="2" />
<file name="Tech_Academy_Logo - Transparent.png" server="C:/Users/wise_/Documents/Programming/Projects/LIVE-PROJECT-TECH-ACADEMY-WEBSITE/newWebsite/" local="130995212380000000" remote="130995212380000000" Dst="2" />
<file name="Testimonials 1.png" server="C:/XAMPP" local="130995212380000000" remote="130995212380000000" Dst="2" />
<file name="Testimonials 2.png" server="C:/XAMPP" local="130995212380000000" remote="130995212380000000" Dst="2" />
<file name="Testimonials 3.png" server="C:/XAMPP" local="130995212380000000" remote="130995212380000000" Dst="2" />
<file name="Testimonials 4.png" server="C:/XAMPP" local="130995212380000000" remote="130995212380000000" Dst="2" />
<file name="Testimonials 5.png" server="C:/XAMPP" local="130995212380000000" remote="130995212380000000" Dst="2" />
<file name="Testimonials 6.png" server="C:/XAMPP" local="130995212380000000" remote="130995212380000000" Dst="2" />
<file name="Testimonials 7.png" server="C:/XAMPP" local="130995212380000000" remote="130995212380000000" Dst="2" />
<file name="Tech_Academy_Logo - Transparent.png" server="C:/XAMPP" local="130995212380000000" remote="130995212380000000" Dst="2" />
<file name="Testimonials 1.png" server="C:/XAMPP/" local="130995212380000000" remote="130995212380000000" Dst="2" />
<file name="Testimonials 2.png" server="C:/XAMPP/" local="130995212380000000" remote="130995212380000000" Dst="2" />
<file name="Testimonials 3.png" server="C:/XAMPP/" local="130995212380000000" remote="130995212380000000" Dst="2" />
<file name="Testimonials 4.png" server="C:/XAMPP/" local="130995212380000000" remote="130995212380000000" Dst="2" />
<file name="Testimonials 5.png" server="C:/XAMPP/" local="130995212380000000" remote="130995212380000000" Dst="2" />
<file name="Testimonials 6.png" server="C:/XAMPP/" local="130995212380000000" remote="130995212380000000" Dst="2" />
<file name="Testimonials 7.png" server="C:/XAMPP/" local="130995212380000000" remote="130995212380000000" Dst="2" />
<file name="Tech_Academy_Logo - Transparent.png" server="C:/XAMPP/" local="130995212380000000" remote="130995212380000000" Dst="2" />
</dwsync>