<?xml version="1.0" encoding="utf-8" ?>
<dwsync>
<file name="bootstrap.min.css" server="C:/Users/wise_/Documents/Programming/Projects/LIVE-PROJECT-TECH-ACADEMY-WEBSITE/newWebsite/" local="130995212360000000" remote="130995212360000000" Dst="2" />
<file name="style.css" server="C:/Users/wise_/Documents/Programming/Projects/LIVE-PROJECT-TECH-ACADEMY-WEBSITE/newWebsite/" local="130998248568717098" remote="130998248560000000" Dst="2" />
<file name="bootstrap.min.css" server="C:/XAMPP" local="130995212360000000" remote="130995212360000000" Dst="2" />
<file name="style.css" server="C:/XAMPP" local="130998248568717098" remote="130998248560000000" Dst="2" />
<file name="bootstrap.min.css" server="C:/XAMPP/" local="130995212360000000" remote="130995212360000000" Dst="2" />
<file name="style.css" server="C:/XAMPP/" local="130998248568717098" remote="130998248560000000" Dst="2" />
<file name="bootstrap.min.css" server="C:/xampp/htdocs/" local="130995212360000000" remote="130995212360000000" Dst="2" />
<file name="style.css" server="C:/xampp/htdocs/" local="131044294622249384" remote="131044294620000000" Dst="2" />
<file name="accordian.css" server="C:/xampp/htdocs/" local="131039082619467592" remote="131039082610000000" Dst="2" />
<file name="bootstrap.css" server="C:/xampp/htdocs/" local="130910620911828499" remote="130910620910000000" Dst="2" />
<file name="accordion.core.css" server="C:/xampp/htdocs/" local="131042752239010963" remote="131042752230000000" Dst="2" />
<file name="reset.css" server="C:/xampp/htdocs/" local="131042743085522281" remote="131042743080000000" Dst="2" />
<file name="core.css" server="C:/xampp/htdocs/" local="131044301017687013" remote="131044301010000000" Dst="2" />
<file name="accordion_style.css" server="C:/xampp/htdocs/" local="131044304751206090" remote="131044304750000000" Dst="2" />
</dwsync>